# German compound words that are usually not written as 
# separate words.
# Encoding: UTF-8
# All words must contain at least one hyphen, even if the
# word is usually not spelled with a hyphen
# "+" at the end of the line will turn off the suggestion that
# uses a hyphen

System-Administrator
System-Administrators
System-Administratoren
Eis-laufend
Kopf-stehend
Teil-habend
Open-Source-Programm
Open-Source-Programme
Open-Source-Programms
Open-Source-Projekt
Open-Source-Projekte
Open-Source-Projekts
E-Mail-Adresse
E-Mail-Adressen
E-Mail-Programm
E-Mail-Programme
E-Mail-Programms
E-Mail-Wurm
E-Mail-Würmer

# "+" at end of line = no hyphen suggestion:

Haar-sträubend+
Haar-sträubender+
Haar-sträubenden+
Haar-sträubendes+
Teil-nehmend+
Teil-nehmende+
Teil-nehmender+
Teil-nehmendes+
Teil-nehmenden+
irre-geleitet+
irre-geleitete+
irre-geleiteten+
irre-geleiteter+
irre-geleitetes+
satt-haben+
abhanden-kommen+
einher-gehen+
zunichte-machen+
zuteil-werden+
fehl-gehen+
feil-bieten+
heim-kommen+
kund-tun+
wett-machen+
lahm-legen+
dumm-dreist+
feucht-warm+
nass-kalt+
bitter-kalt+
bitter-böse+
bitter-ernst+
halb-amtlich+
halb-offiziell+
halb-staatlich+
dunkel-rot+
dunkel-grün+
dunkel-blau+
dunkel-gelb+
dunkel-braun+
hell-rot+
hell-grün+
hell-blau+
hell-gelb+
hell-braun+
sagen-umwoben+
mond-beschienen+
herz-erquickend+
#meter-hoch+  TODO: nur bei klein geschriebenem "meter"!
an-statt+
herunter-geladen+
herunter-geladene+
herunter-geladenes+
herunter-geladener+
herunter-geladenen+

# "*" at end of line = only offer hyphen suggestion:

IP-Adresse*
IP-Adressen*
Spill-over*
Spill-overs*
Spin-off*
Spin-offs*
Coca-Cola*
Coca-Colas*

# The following part is based on the lists from http://tkltrans.sf.net
# This part is LGPL licenced, License text in http://www.fsf.org
# Owner: Lantol,  email: lantol46_AT_nospam_DOT_yahoo_DOT_de
# This is just a small subset of the lists created by this command:
# grep "-" de_DE_neu.dic | grep -v "/Sl" - | grep -v "/l" -
# Furthermore, the flags have been expanded using this command:
# unmunch compounds.txt de_DE_neu.aff

A-Dur-Tonleiter
A-Dur-Tonleitern
A-Dur
A-Duren
A-Kohle
A-Saite
A-Saiten
A-cappella-Chor
A-cappella-Chors
A-cappella-Chores
ABC-Abwehr
ABC-Abwehren
ABC-Abwehrtruppe
ABC-Abwehrtruppen
ABC-Alarm
ABC-Alarme
ABC-Alarmen
ABC-Alarms
ABC-Alarmes
ABC-Gefahr
ABC-Gefahren
ABC-Kampfmittel
ABC-Kampfmitteln
ABC-Kampfmittels
ABC-Pflaster
ABC-Pflastern
ABC-Pflasters
ABC-Schutzmaske
ABC-Schutzmasken
ABC-Staaten
ABC-Waffe
ABC-Waffen
ABM-Stelle
ABM-Stellen
AD-Wandler
AD-Wandlern
AD-Wandlers
AKW-Gegner
ASCII-Code
ASCII-Codes
AT-Motor
AT-Motoren
AT-Motors
AU-Plakette
AU-Plaketten
AVI-Format
AVI-Formate
AVI-Formaten
AVI-Formats
AVI-Formates
AWG-Wohnung
AWG-Wohnungen
Abc-Buch
Abc-Buchs
Abc-Buches
Abc-Code
Abc-Codes
Abc-Schütze
Abc-Schützen
Ach-Laut
Ach-Laute
Ach-Lauten
Ach-Lauts
Ach-Lautes
Ad-hoc-Bildung
Ad-hoc-Bildungen
Ad-rem-Verfahren
Ad-rem-Verfahrens
Adcock-Antenne
Adcock-Antennen
Adding-up-Theorem
Adding-up-Theoreme
Adding-up-Theoremen
Adding-up-Theorems
Adding-up-Theoremes
After-Work-Party
After-Work-Partys
Agar-Agar
Agar-Agars
Aha-Erlebnis
Aide-mémoire
Aide-mémoires
Aiken-Code
Aiken-Codes
Air-condition
Air-conditions
All-Risks-Versicherung
All-Risks-Versicherungen
All-Star-Band
All-Star-Bands
All-Star-Bandes
Alla-breve-Takt
Alla-breve-Takte
Alla-breve-Takten
Alla-breve-Takts
Alla-breve-Taktes
Alodine-Verfahren
Alodine-Verfahrens
Alt-Berlin
Alt-Berlins
Alt-Heidelberg
Alt-Heidelberge
Alt-Heidelbergen
Alt-Heidelbergs
Alt-Heidelberges
Alt-Wien
Alt-Wiens
Alzheimer-Krankheit
Alzheimer-Krankheiten
Amuse-gueule
Amuse-gueules
Analog-Digital-Wandler
Analog-Digital-Wandlern
Analog-Digital-Wandlers
Après-Ski-Kleidung
Après-Ski-Kleidunge
Après-Ski-Kleidungen
Après-Ski-Kleidungs
Après-Ski-Kleidunges
Après-Ski
Après-Skis
Arbeiter-und-Bauern-Fakultät
Arbeiter-und-Bauern-Fakultäten
Arbeiter-und-Bauern-Inspektion
Arbeiter-und-Bauern-Inspektionen
Arbeiter-und-Bauern-Macht
Arbeiter-und-Bauern-Machten
Arbeiter-und-Bauern-Staat
Arbeiter-und-Bauern-Staate
Arbeiter-und-Bauern-Staaten
Arbeiter-und-Bauern-Staates
Arbeiter-und-Soldaten-Rat
Arbeiter-und-Soldaten-Rats
Arbeiter-und-Soldaten-Rates
Armco-Eisen
Armco-Eisens
Art-Director
Art-Directors
Arzt-Patient-Verhältnis
As-Dur
As-Dur-Tonleiter
As-Dur-Tonleitern
Assessment-Center
Assessment-Centern
Assessment-Centers
Atom-U-Boot
Atom-U-Boote
Atom-U-Booten
Atom-U-Boots
Atom-U-Bootes
Au-pair-Mädchen
Au-pair-Mädchens
Audio-Video-Technik
Audio-Video-Techniken
Auto-Cross
Außer-Acht-Lassen
Außer-Acht-Lassens
Ave-Maria-Läuten
Ave-Maria-Läutens
Ave-Maria
Ave-Marias
Aye-Aye
Aye-Ayes
B-Dur
B-Dur-Tonleiter
B-Dur-Tonleitern
BCD-Code
BCD-Codes
BCG-Schutzimpfung
BCG-Schutzimpfungen
BERI-Index
BERI-Indexe
BERI-Indexen
BERI-Indexes
BMX-Rad
BMX-Rads
BMX-Rades
Back-up
Back-ups
Baden-Württemberg
Baden-Württemberge
Baden-Württembergen
Baden-Württembergs
Baden-Württemberges
Baden-Württemberger
Baden-Württembergerin
Baden-Württembergerinnen
Baden-Württembergern
Baden-Württembergers
Bami-goreng
Bami-gorengs
Bar-Mizwa
Bar-Mizwas
Basel-Stadt
Basic-English
Batch-Processing
Batch-Processings
Bel-Paese
Bel-Paesen
Belastungs-EKG
Berg-und-Tal-Bahn
Berg-und-Tal-Bahnen
Bernoulli-Prinzip
Bernoulli-Prinzips
Bernoulli-Prinzipien
Beugungs-s
Bild-Ton-Kamera
Bild-Ton-Kameras
Binde-s
Black-out
Black-outs
Blow-out
Blow-outs
Blow-up
Blow-ups
Blue-Box-Verfahren
Blue-Box-Verfahrens
Blue-Screen-Verfahren
Blue-Screen-Verfahrens
Blut-und-Boden-Dichtung
Blut-und-Boden-Dichtungen
Blut-und-Boden-Ideologie
Blut-und-Boden-Ideologien
Bobby-Jo
Bobby-Jos
Boden-Boden-Rakete
Boden-Boden-Raketen
Boden-Luft-Rakete
Boden-Luft-Raketen
Bodoni-Antiqua
Boogie-Woogie
Boogie-Woogies
Bossa-Nova
Bossa-Novas
Bottle-Party
Bottle-Partys
Boy-Scout
Boy-Scouts
Brain-Drain
Brain-Drains
Brain-Trust
Brain-Trusts
Brewster-Winkel
Brewster-Winkeln
Brewster-Winkels
Bungee-Jumping
Bungee-Jumpings
Burn-in
Burn-ins
Burn-out
Burn-outs
Burning-out
Burning-outs
Business-Class
Business-Classe
Business-Classen
Business-Classes
Button-down-Hemd
Button-down-Hemde
Button-down-Hemden
Button-down-Hemds
Button-down-Hemdes
Buy-out
Buy-outs
C-Dur
C-Dur-Tonleiter
C-Dur-Tonleitern
C-Falter
C-Faltern
C-Falters
C-Partei
C-Parteien
C-Schlüssel
C-Schlüsseln
C-Schlüssels
C-Vogel
C-Vogeln
C-Vogels
C-Waffe
C-Waffen
CB-Funk
CB-Funks
CD-Brenner
CD-Brennern
CD-Brenners
CD-Platte
CD-Platten
CD-Player
CD-Playern
CD-Players
CD-ROM
CD-ROMs
CD-Spieler
CD-Spielern
CD-Spielers
CD-Video
CD-Videos
CFA-Franc
CFA-Francs
CGS-System
CGS-Systeme
CGS-Systemen
CGS-Systems
CGS-Systemes
CO-Test
CO-Teste
CO-Testen
CO-Tests
CO-Testes
Cable-Transfer
Cable-Transfers
Cache-sexe
Call-in
Call-ins
Candle-Light-Dinner
Candle-Light-Dinnern
Candle-Light-Dinners
Car-Sharing
Car-Sharings
Cash-and-carry-Klausel
Cash-and-carry-Klauseln
Cash-flow
Cash-flows
Catch-as-catch-can
Catwalk-beauty
Catwalk-beautys
Centre-Forward
Centre-Forwards
Centre-Half
Centre-Halfs
Ces-Dur
Ces-Dur-Tonleiter
Ces-Dur-Tonleitern
Ch-Laut
Ch-Laute
Ch-Lauten
Ch-Lauts
Ch-Lautes
Cha-Cha-Cha
Cha-Cha-Chas
Chagas-Krankheit
Chagas-Krankheiten
Check-in
Check-ins
Check-up
Check-ups
Chevy-Chase-Strophe
Chevy-Chase-Strophen
Chewing-gum
Chewing-gums
Chop-sue
Chop-sues
Chow-Chow
Chow-Chows
Chow-chow
Chow-chows
Christmas-Carol
Christmas-Carols
Cis-Dur
Cis-Dur-Tonleiter
Cis-Dur-Tonleitern
Cis-trans-Isomerie
Cis-trans-Isomerien
Clair-obscur
Clair-obscurs
Cliff-dweller
Cliff-dwellers
Close-up
Close-ups
Closed-Shop-Betrieb
Closed-Shop-Betriebe
Closed-Shop-Betrieben
Closed-Shop-Betriebs
Closed-Shop-Betriebes
Cocom-Liste
Cocom-Listen
Code-switching
Code-switchings
Coffee-Shop
Coffee-Shops
Combine-painting
Come-back
Come-backs
Come-down
Come-downs
Coming-out
Coming-outs
Computer-Kid
Computer-Kids
Concept-Art
Concept-Arten
Concept-art
Contadora-Staaten
Convenience-goods
Count-down
Count-downs
Country-Music
Cover-up
Cover-ups
Creutzfeldt-Jakob-Krankheit
Creutzfeldt-Jakob-Krankheiten
Cross-Country
Cross-Countrys
Cross-over
Cross-overs
Crossing-over
Crossing-overs
Cruise-Missile
Cruise-Missiles
D-Day
D-Days
D-Dur
D-Dur-Tonleiter
D-Dur-Tonleitern
D-Mark
D-Marken
D-Marks
D-Schicht
D-Schichten
D-Zug-Tempo
D-Zug-Tempos
D-Zug-Wagen
D-Zug-Wagens
D-Zug-Zuschlag
D-Zug-Zuschlags
D-Zug-Zuschlages
D-Zug
D-Zugs
D-Zuges
DAT-Recorder
DAT-Recordern
DAT-Recorders
DAT-Rekorder
DAT-Rekordern
DAT-Rekorders
DDR-Bürger
DDR-Bürgerin
DDR-Bürgerinnen
DDR-Bürgern
DDR-Bürgers
DIN-A
DIN-Format
DIN-Formate
DIN-Formaten
DIN-Formats
DIN-Formates
DIN-Grad
DIN-Grade
DIN-Graden
DIN-Grads
DIN-Grades
DIN-Norm
DIN-Normen
DLG-prämiert
DLG-prämierte
DLG-prämierter
DLG-prämierten
DLG-prämiertem
DLG-prämiertes
DLG-prämierter
DLG-prämiertere
DLG-prämierterer
DLG-prämierteren
DLG-prämierterem
DLG-prämierteres
DLG-prämiertest
DLG-prämierteste
DLG-prämiertester
DLG-prämiertesten
DLG-prämiertestem
DLG-prämiertestes
DNA-Fingerabdruck
DNA-Fingerabdrucks
DNA-Fingerabdruckes
DVD-Player
DVD-Playern
DVD-Players
Dacapo-Arie
Dacapo-Arien
Daimler-Benz
#Dalai-Lama	TODO: steht mit Bindestrich im Duden, aber stimmt das wirklich?
#Dalai-Lamas
Datex-Netz
Datex-Netze
Datex-Netzen
Datex-Netzes
Davis-Cup
Davis-Cupe
Davis-Cupen
Davis-Cups
Davis-Cupes
De-Luxe-Ausstattung
De-Luxe-Ausstattungen
De-facto-Anerkennung
De-facto-Anerkennungen
De-jure-Anerkennung
De-jure-Anerkennungen
Deep-Freezer
Deep-Freezers
Deficit-Spending
Deficit-Spendinge
Deficit-Spendingen
Deficit-Spendings
Deficit-Spendinges
Dehnungs-h
Des-Dur
Des-Dur-Tonleiter
Des-Dur-Tonleitern
Desktop-Publishing
Desktop-Publishinge
Desktop-Publishingen
Desktop-Publishings
Desktop-Publishinges
Deutsch-Verzeichnis
Deux-pièces
Digital-Analog-Konverter
Digital-Analog-Konvertern
Digital-Analog-Konverters
Dipl.-Chem.
Dipl.-Dolm.
Dipl.-Hdl.
Dipl.-Ing.
Dipl.-Kfm.
Dipl.-Ldw.
Dipl.-Phys.
Dipl.-Volksw.
Diplom-Biologe
Diplom-Biologen
Dirt-Track-Rennen
Dirt-Track-Rennens
Dis-Dur
Dis-Dur-Tonleiter
Dis-Dur-Tonleitern
Disc-Jockey
Disc-Jockeys
Disk-Jockei
Disk-Jockeis
Do-it-yourself-Bewegung
Do-it-yourself-Bewegungen
Do-it-yourself-Methode
Do-it-yourself-Methoden
Dolby-System
Dolby-Systeme
Dolby-Systemen
Dolby-Systems
Dolby-Systemes
Doppel-T-Stahl
Doppel-T-Stahle
Doppel-T-Stahlen
Doppel-T-Stahls
Doppel-T-Stahles
Doppel-T-Träger
Doppel-T-Trägern
Doppel-T-Trägers
Doppel-b
Doppel-bs
Dow-Jones-Index
Dow-Jones-Indexes
Down-Syndrom
Down-Syndroms
Dr.-Ing.
Dream-Team
Dream-Teams
Drei-D-Brille
Drei-D-Brillen
Drei-Laut
Drei-Laute
Drei-Lauten
Drei-Lauts
Drei-Lautes
Dreifarben-Theorie
Dreifarben-Theorien
Dreipunkt-Sicherheitsgurt
Dreipunkt-Sicherheitsgurte
Dreipunkt-Sicherheitsgurten
Dreipunkt-Sicherheitsgurts
Dreipunkt-Sicherheitsgurtes
Dritte-Welt-Laden
Dritte-Welt-Ladens
Drive-in-Kino
Drive-in-Kinos
Drive-in-Lokal
Drive-in-Lokals
Drive-in-Restaurant
Drive-in-Restaurants
Drive-in
Drive-ins
Drop-out
Drop-outs
Dur-Tonart
Dur-Tonarten
Duty-Free-Shop
Duty-Free-Shops
Déjà-vu-Erlebnis
E-Commerce
E-Dur
E-Dur-Tonleiter
E-Dur-Tonleitern
E-Lok
E-Loks
E-Mail
E-Mails
E-Musik
E-Schicht
E-Schichten
E-Werk
E-Werke
E-Werken
E-Werks
E-Werkes
EAN-Code
EAN-Codes
EDV-Programm
EDV-Programme
EDV-Programmen
EDV-Programms
EDV-Programmes
ET-Zeichen
ET-Zeichens
EU-Land
EU-Lands
EU-Landes
EU-weit
EU-weite
EU-weiter
EU-weiten
EU-weitem
EU-weites
Eat-art
Ecce-Homo
Ecce-Homos
Edison-Effekt
Edison-Effekte
Edison-Effekten
Edison-Effekts
Edison-Effektes
Einjährig-Freiwillige
Einjährig-Freiwilligen
Einjährig-Freiwilliger
Einjährig-Freiwilligern
Einphasen-Wechselstrom
Einphasen-Wechselstroms
Einphasen-Wechselstromes
Einphasen-Wechselstromsystem
Einphasen-Wechselstromsysteme
Einphasen-Wechselstromsystemen
Einphasen-Wechselstromsystems
Einphasen-Wechselstromsystemes
Elb-Florenz
Elb-Florenzes
Elsass-Lothringen
Elsass-Lothringens
En-bloc-Abstimmung
En-bloc-Abstimmungen
En-bloc-Annahme
En-bloc-Annahmen
English-Waltz
Entweder-Oder
Entweder-oder
Entweder-oders
Eros-Center
Eros-Centern
Eros-Centers
Erste-Hilfe-Ausrüstung
Erste-Hilfe-Ausrüstungen
Erste-Hilfe-Lehrgang
Erste-Hilfe-Lehrgangs
Erste-Hilfe-Lehrganges
Erste-Hilfe-Leistung
Erste-Hilfe-Leistungen
Erste-Klasse-Abteil
Erste-Klasse-Abteile
Erste-Klasse-Abteilen
Erste-Klasse-Abteils
Erste-Klasse-Abteiles
Erste-Klasse-Wagen
Erste-Klasse-Wagens
Erster-Klasse-Abteil
Erster-Klasse-Abteile
Erster-Klasse-Abteilen
Erster-Klasse-Abteils
Erster-Klasse-Abteiles
Erster-Klasse-Wagen
Erster-Klasse-Wagens
Es-Dur
Es-Dur-Tonleiter
Es-Dur-Tonleitern
Es-Schicht
Es-Schichten
Et-Zeichen
Et-Zeichens
Eva-maria
Eva-marias
Ewig-Gestrige
Ewig-Gestrigen
Ewig-Gestriger
Ewig-Gestrigern
Ewig-Weibliche
Ewig-Weiblichen
Ewig-Weibliches
Ex-und-hopp-Flasche
Ex-und-hopp-Flaschen
F-Dur
F-Dur-Tonleiter
F-Dur-Tonleitern
F-Loch
F-Lochs
F-Loches
F-Schicht
F-Schichten
F-Schlüssel
F-Schlüsseln
F-Schlüssels
FCKW-frei
FCKW-freie
FCKW-freier
FCKW-freien
FCKW-freiem
FCKW-freies
FCKW-freier
FCKW-freiere
FCKW-freierer
FCKW-freieren
FCKW-freierem
FCKW-freieres
FCKW-freist
FCKW-freiste
FCKW-freister
FCKW-freisten
FCKW-freistem
FCKW-freistes
FDJ-Studienjahr
FDJ-Studienjahre
FDJ-Studienjahren
FDJ-Studienjahrs
FDJ-Studienjahres
FKK-Gelände
FKK-Geländen
FKK-Strand
FKK-Strands
FKK-Strandes
Face-to-Face-Kommunikation
Face-to-Face-Kommunikationen
Facility-Management
Facility-Managements
Factory-Outlet
Factory-Outlets
Fall-out
Fall-outs
Fancy-dress
Fancy-dresses
Fancy-drink
Fancy-drinks
Fancy-work
Fancy-works
Feed-back
Feed-backs
Feld-Wald-und-Wiesen
Feld-Wald-und-Wiesens
Fermi-Dirac-Statistik
Fermi-Dirac-Statistiken
Fil-a-Fil
Fil-a-Fils
Fine-tuning
Fine-tunings
Finn-Dinghi
Finn-Dinghis
Finn-Dingi
Finn-Dingis
First-class-Hotel
First-class-Hotels
First-day-cover
First-day-covern
First-day-covers
Fis-Dur
Fis-Dur-Tonleiter
Fis-Dur-Tonleitern
Fischer-Tropsch-Synthese
Fischer-Tropsch-Synthesen
Five-Vowel-Word
Five-Vowel-Words
Fla-Panzer
Fla-Panzers
Fla-Rakete
Fla-Raketen
Flame-out
Flame-outs
Flettner-Ruder
Flettner-Rudern
Flettner-Ruders
Flip-Flop
Flip-Flops
Flower-power
Fly-by
Fly-bys
Fly-over
Fly-overn
Fly-overs
Foreign-Talk
Foreign-Talks
Foreign-Talker
Foreign-Talkern
Foreign-Talkers
Formel-1-Pilot
Formel-1-Piloten
Formel-1-Rennen
Formel-1-Rennens
Formel-1-Wagen
Formel-1-Wagens
Fosbury-Flop
Fosbury-Flops
Four-Letter-Word
Four-Letter-Words
Four-letter-word
Four-letter-words
Frage-und-Antwort-Spiel
Frage-und-Antwort-Spiele
Frage-und-Antwort-Spielen
Frage-und-Antwort-Spiels
Frage-und-Antwort-Spieles
Freedom-Rides
Freund-Feind-Denken
Freund-Feind-Denkens
Freund-Feind-Schema
Freund-Feind-Schemas
Frühjahrs-Tagundnachtgleiche
Frühjahrs-Tagundnachtgleichen
Fugen-s
Fulltime-Job
Fulltime-Jobs
Fuzzy-Logik
Fürst-Pückler-Eis
Fürst-Pückler-Eises
G-Dur
G-Dur-Tonleiter
G-Dur-Tonleitern
G-Man
G-Punkt
G-Punktes
G-Saite
G-Saiten
G-Schlüssel
G-Schlüsseln
G-Schlüssels
G-String
G-Strings
GT-Rennen
GT-Rennens
GT-Wagen
GT-Wagens
GUS-Staat
GUS-Staate
GUS-Staaten
GUS-Staates
Gallup-Methode
Gallup-Methoden
Gas-Luft-Gemisch
Gas-Luft-Gemische
Gas-Luft-Gemischen
Gas-Luft-Gemisches
Gaumen-R
Gaumen-Rs
Ges-Dur
Ges-Dur-Tonleiter
Ges-Dur-Tonleitern
Gewinn-und-Verlust-Rechnung
Gewinn-und-Verlust-Rechnungen
Gian-Franco
Gian-Francos
Gian-Luca
Gian-Lucas
Gian-Marco
Gian-Marcos
Gin-Fizz
Gin-Tonic
Gin-Tonics
Ginger-Ale
Ginger-Ales
Gis-Dur
Gis-Dur-Tonleiter
Gis-Dur-Tonleitern
Go-Cart
Go-Carts
Go-Go-Boy
Go-Go-Boys
Go-Go-Girl
Go-Go-Girls
Go-Kart
Go-Karts
Go-go-Girl
Go-go-Girls
Go-in
Go-ins
Go-slow
Go-slows
Going-public
Going-publics
Golgi-Apparat
Golgi-Apparate
Golgi-Apparaten
Golgi-Apparats
Golgi-Apparates
Goodwill-Reise
Goodwill-Reisen
Graaf-Follikel
Graaf-Follikeln
Graaf-Follikels
Grand-Tourisme-Rennen
Grand-Tourisme-Rennens
Grand-Tourisme-Wagen
Grand-Tourisme-Wagens
Grau-in-Grau-Malerei
Grau-in-Grau-Malereien
Grignard-Reaktion
Grignard-Reaktionen
Groß-Umstadt
Groß-Umstadts
Guinea-Bissau
Guinea-Bissaus
Gäste-WC
Gäste-WCs
H-Bombe
H-Bomben
H-Dur
H-Dur-Tonleiter
H-Dur-Tonleitern
H-Ione
H-Ionen
H-Milch
H-Milchen
HD-Diskette
HD-Disketten
HIV-negativ
HIV-negative
HIV-negativen
HIV-negativs
HIV-negatives
HIV-positiv
HNO-Arzt
HNO-Arztin
HNO-Arztinnen
HNO-Arzts
HNO-Arztes
HNO-Station
HNO-Stationen
HNO-ärztlich
HNO-ärztlichs
HO-Geschäft
HO-Geschäfte
HO-Geschäften
HO-Geschäfts
HO-Geschäftes
Habeas-Corpus-Akte
Haber-Bosch-Verfahren
Haber-Bosch-Verfahrens
Haemoccult-Test
Haemoccult-Teste
Haemoccult-Testen
Haemoccult-Tests
Haemoccult-Testes
Hair-Stylist
Hair-Stylistin
Hair-Stylistinnen
Hair-Stylisten
Half-Back
Half-Backs
Half-Time
Half-Times
Hall-Effekt
Hall-Effekte
Hall-Effekten
Hall-Effekts
Hall-Effektes
Hals-Nasen-Ohren-Arzt
Hals-Nasen-Ohren-Arzts
Hals-Nasen-Ohren-Arztes
Hals-Nasen-Ohren-Heilkunde
Hals-Nasen-Ohren-Heilkunden
Hand-in-Hand-Arbeiten
Hand-in-Hand-Arbeitens
Hand-in-Hand-Gehen
Hand-in-Hand-Gehens
Hand-out
Hand-outs
Hang-over
Hang-overs
Happy-End
Happy-Ends
Happy-few
Hat-Trick
Hat-Tricks
Hau-den-Lukas
Haus-Haus-Verkehr
Haus-Haus-Verkehre
Haus-Haus-Verkehren
Haus-Haus-Verkehrs
Haus-Haus-Verkehres
Haut-Sauternes
Hawaii-Gitarre
Hawaii-Gitarren
Hell-Dunkel-Adaptation
Hell-Dunkel-Adaptationen
Herbst-Tagundnachtgleiche
Herbst-Tagundnachtgleichen
Herz-As
Herz-Jesu-Bild
Herz-Jesu-Bilde
Herz-Jesu-Bilden
Herz-Jesu-Bilder
Herz-Jesu-Bildern
Herz-Jesu-Fest
Herz-Jesu-Feste
Herz-Jesu-Festen
Herz-Jesu-Fests
Herz-Jesu-Festes
Herz-Jesu-Verehrung
Herz-Jesu-Verehrungen
Herz-Kreislauf-Erkrankung
Herz-Kreislauf-Erkrankungen
Herz-Lungen-Maschine
Herz-Lungen-Maschinen
Hessen-Nassau
Hessen-Nassaus
Hi-Fi
Hi-Fi-Anlage
Hi-Fi-Anlagen
Hi-Fi-Turm
Hi-Fi-Turms
Hi-Fi-Turmes
High-Church
High-Tech
Hip-Hop
Hip-Hops
Hochtemperatur-Supraleiter
Hochtemperatur-Supraleitern
Hochtemperatur-Supraleiters
Hula-Hoop-Reifen
Hula-Hoop-Reifens
Hula-Hoop
Hula-Hoops
Hula-Hula
Hula-Hulas
Hully-Gully
Hully-Gullys
HwG-Mädchen
HwG-Mädchens
Hydronium-Ion
Hydronium-Ionen
Hydronium-Ions
Hydronium-Iones
Hydroxid-Ion
Hydroxid-Ionen
Hydroxid-Ions
Hydroxid-Iones
Hydroxyl-Ion
Hydroxyl-Ionen
Hydroxyl-Ions
Hydroxyl-Iones
Hysteron-Proteron
Hysteron-Proterons
Hämoccult-Test
Hämoccult-Teste
Hämoccult-Testen
Hämoccult-Tests
Hämoccult-Testes
I-Ausweis
I-Ausweise
I-Ausweisen
I-Ausweises
I-Dötzchen
I-Dötzchens
I-Punkt
I-Punkte
I-Punkten
I-Punkts
I-Punktes
I-Tüpfelchen
I-Tüpfelchens
I-förmig
I-förmige
I-förmigen
I-förmigs
I-förmiges
IC-Analyse
IC-Analysen
IG-Farbe
IG-Farben
IQ-Test
IQ-Teste
IQ-Testen
IQ-Tests
IQ-Testes
ISDN-Anschluss
ISDN-Anschlusses
ISDN-Karte
ISDN-Karten
ISDN-Netz
ISDN-Netze
ISDN-Netzen
ISDN-Netzes
IVF-Baby
IVF-Babys
Ich-Bewusstsein
Ich-Bewusstseins
Ich-Bezogenheit
Ich-Bezogenheiten
Ich-Erzählung
Ich-Erzählungen
Ich-Form
Ich-Formen
Ich-Gefühl
Ich-Gefühle
Ich-Gefühlen
Ich-Gefühls
Ich-Gefühles
Ich-Laut
Ich-Laute
Ich-Lauten
Ich-Lauts
Ich-Lautes
Ich-Roman
Ich-Romane
Ich-Romanen
Ich-Romans
Ich-Romanes
Ilang-Ilang-Baum
Ilang-Ilang-Öl
Ilang-Ilang-Öle
Ilang-Ilang-Ölen
Ilang-Ilang-Öls
Ilang-Ilang-Öles
Ilang-Ilang
Ilang-Ilangs
Illereichen-Altenstadt
Illereichen-Altenstadts
#In-Kraft-Treten  -- commented out as matches also the verb phrase "in Kraft treten"
#In-Kraft-Tretens
In-vitro-Fertilisation
In-vitro-Fertilisationen
Indianapolis-Start
Indianapolis-Starts
Indusi-Einrichtung
Indusi-Einrichtungen
Input-Output-Analyse
Input-Output-Analysen
Instant-Verfahren
Instant-Verfahrens
Intercity-Express-Zug
Intercity-Express-Zugs
Intercity-Express-Zuges
Intercity-Zug
Intercity-Zugs
Intercity-Zuges
Intertype-Fotosetter
Intertype-Fotosettern
Intertype-Fotosetters
Irisch-Republikanische
Irisch-Republikanischen
Ist-Aufkommen
Ist-Aufkommens
Ist-Bestand
Ist-Bestands
Ist-Bestandes
Ist-Kapazität
Ist-Kapazitäten
Ist-Stärke
Ist-Stärken
Ist-Wert
Ist-Werte
Ist-Werten
Ist-Werts
Ist-Wertes
Itai-Itai-Krankheit
Itai-Itai-Krankheiten
Jesus-People-Bewegung
Jesus-People-Bewegungen
Jet-Lag
Jet-Lags
Jet-Set
Jet-Sets
Jiu-Jitsu
Jiu-Jitsus
Jo-Jo
Jo-Jos
Job-Evaluation
Job-Evaluations
Job-Rotation
Job-Rotations
Job-Sharer
Job-Sharern
Job-Sharers
Job-Ticket
Job-Tickets
Job-sharing
Job-sharings
Joule-Thomson-Effekt
Joule-Thomson-Effekte
Joule-Thomson-Effekten
Joule-Thomson-Effekts
Joule-Thomson-Effektes
Ju-Jutsu
Ju-Jutsus
Jumbo-Jet
Jumbo-Jets
Jungle-Stil
Jungle-Stile
Jungle-Stilen
Jungle-Stils
Jungle-Stiles
Just-in-time-Produktion
Just-in-time-Produktionen
K-Gruppe
K-Gruppen
K-Meson
K-Mesonen
K.-o.-Schlag
K.-o.-Schlags
K.-o.-Schlages
K.-o.-Sieg
K.-o.-Siege
K.-o.-Siegen
K.-o.-Siegs
K.-o.-Sieges
K.-o.-System
K.-o.-Systeme
K.-o.-Systemen
K.-o.-Systems
K.-o.-Systemes
KS-Grammatik
KS-Grammatiken
KSZE-Konferenz
KSZE-Konferenzen
KZ-Gedenkstätte
KZ-Gedenkstätten
KZ-Häftling
KZ-Häftlinge
KZ-Häftlingen
KZ-Häftlings
KZ-Häftlinges
KZ-Methoden
KZ-Methodens
KZ-Wächter
KZ-Wächterin
KZ-Wächterinnen
KZ-Wächtern
KZ-Wächters
KZ-ler
KZ-lerin
KZ-lerinnen
KZ-lern
KZ-lers
Kaffee-Ersatz
Kaffee-Ersatzes
Kaffee-Extrakt
Kaffee-Extrakte
Kaffee-Extrakten
Kaffee-Extrakts
Kaffee-Extraktes
Kala-Azar
Kala-Azars
Kamikaze-Unternehmen
Kamikaze-Unternehmens
Kandahar-Rennen
Kandahar-Rennens
Kann-Bestimmung
Kann-Bestimmungen
Kann-Kind
Kann-Kinde
Kann-Kinden
Kann-Kinder
Kann-Kindern
Kann-Vorschrift
Kann-Vorschriften
Kaposi-Sarkom
Kaposi-Sarkome
Kaposi-Sarkomen
Kaposi-Sarkoms
Kaposi-Sarkomes
Karl-Marx-Stadt
Karo-As
Karposi-Sarkom
Karposi-Sarkome
Karposi-Sarkomen
Karposi-Sarkoms
Karposi-Sarkomes
Keep-smiling
Keep-smilings
Kennelly-Heaviside-Schicht
Kennelly-Heaviside-Schichten
Key-Account-Management
Key-Account-Managements
Kfz-Werkstatt
Khmer-Republik
Khmer-Republiken
Kick-and-Rush
Kick-down
Kick-downs
Kick-off
Kick-offs
King-size
Klee-Ernte
Klee-Ernten
Klein-Umstadt
Klein-Umstadts
Knaus-Ogino-Methode
Knaus-Ogino-Methoden
Knorr-Bremse
Knorr-Bremsen
Know-how-Transfer
Know-how-Transfers
Know-how
Know-hows
Kok-Saghys
Kommando-Technik
Kommando-Techniken
Kost-Plus-System
Kost-Plus-Systeme
Kost-Plus-Systemen
Kost-Plus-Systems
Kost-Plus-Systemes
Kosten-Nutzen-Analyse
Kosten-Nutzen-Analysen
Kraft-Wärme-Kopplung
Kraft-Wärme-Kopplungen
Kraftfahrzeug-Haftpflichtversicherung
Kraftfahrzeug-Haftpflichtversicherungen
Kreuz-As
Ku-Klux-Klan
Ku-Klux-Klans
Kung-Fu
Kung-Fus
LASH-Carrier
LASH-Carriern
LASH-Carriers
La-Ola-Welle
La-Ola-Wellen
La-Ola
La-Olas
La-Tène-Kultur
La-Tène-Kulturen
La-Tène-Stil
La-Tène-Stile
La-Tène-Stilen
La-Tène-Stils
La-Tène-Stiles
La-Tène-Zeit
La-Tène-Zeiten
Land-Art
Larmor-Präzession
Larmor-Präzessionen
Last-Minute-Flug
Last-Minute-Flugs
Last-Minute-Fluges
Lawn-Tennis
Lay-out
Lay-outs
Le-Mans-Start
Le-Mans-Starts
Leclanché-Element
Leclanché-Elemente
Leclanché-Elementen
Leclanché-Elements
Leclanché-Elementes
Leib-und-Magen
Leib-und-Magens
Lese-Rechtschreib-Schwäche
Lese-Rechtschreib-Schwächen
Life-island
Life-islands
Light-Show
Light-Shows
Links-rechts-Kombination
Links-rechts-Kombinationen
Linotype-Setzmaschine
Linotype-Setzmaschinen
Live-Aufzeichnung
Live-Aufzeichnungen
Live-Sendung
Live-Sendungen
Live-Show
Live-Shows
Lkw-Fahrer
Lkw-Fahrers
Log-in
Log-ins
Log-out
Log-outs
Lohn-Preis-Spirale
Lohn-Preis-Spiralen
Lomé-Abkommen
Lomé-Abkommens
Louis-quatorze-Möbel
Louis-quatorze-Möbeln
Louis-quatorze-Möbels
Louis-quatorze
Louis-quatorzes
Louis-quinze
Louis-quinzes
Louis-seize
Louis-seizes
Luft-Boden-Rakete
Luft-Boden-Raketen
Luft-Luft-Rakete
Luft-Luft-Raketen
Lynn-Marie
Lynn-Maries
MAK-Wert
MAK-Werte
MAK-Werten
MAK-Werts
MAK-Wertes
MHD-Generator
MHD-Generatore
MHD-Generatoren
MHD-Generators
MIK-Wert
MIK-Werte
MIK-Werten
MIK-Werts
MIK-Wertes
MKS-System
MKS-Systeme
MKS-Systemen
MKS-Systems
MKS-Systemes
MKSA-System
MKSA-Systeme
MKSA-Systemen
MKSA-Systems
MKSA-Systemes
MS-DOS
MS-Kranke
MS-Kranken
MS-krank
MS-kranks
MS-krankes
Ma-Jongg
Ma-Jonggs
Mache-Einheit
Mache-Einheiten
Magen-Darm-Kanal
Magen-Darm-Kanals
Magen-Darm-Kanales
Magen-Darm-Katarr
Magen-Darm-Katarre
Magen-Darm-Katarren
Magen-Darm-Katarrs
Magen-Darm-Katarres
Magen-Darm-Katarrh
Magen-Darm-Katarrhe
Magen-Darm-Katarrhen
Magen-Darm-Katarrhs
Magen-Darm-Katarrhes
Mah-Jongg
Mah-Jonggs
Mail-Art
Mail-Order
Make-up
Make-ups
Malt-Whisky
Malt-Whiskys
Management-Buy-out
Management-Buy-outs
Mao-Look
Mao-Looks
Martin-Horn
Martin-Horns
Martin-Hornes
Marxismus-Leninismus
Marxist-Leninist
Marxist-Leninistin
Marxist-Leninistinnen
Marxist-Leninisten
Maschinen-Traktoren-Station
Maschinen-Traktoren-Stationen
Mau-Mau
Max-Planck-Gesellschaft
Max-Planck-Gesellschaften
Max-Planck-Institut
Max-Planck-Institute
Max-Planck-Instituten
Max-Planck-Instituts
Max-Planck-Institutes
Max-Planck-Medaille
Max-Planck-Medaillen
Maxi-Single
Maxi-Singles
Maximum-Minimum-Thermometer
Maximum-Minimum-Thermometern
Maximum-Minimum-Thermometers
Mc-Job
Mc-Jobs
Mecklenburg-Vorpommer
Mecklenburg-Vorpommerin
Mecklenburg-Vorpommerinnen
Mecklenburg-Vorpommern
Mecklenburg-Vorpommers
Mecklenburg-Vorpommerin
Mecklenburg-Vorpommerinnen
Mecklenburg-Vorpommern
Mecklenburg-Vorpommerns
Mercalli-Skala
Mess-und-Regel-Technik
Mess-und-Regel-Techniken
Messier-Katalog
Messier-Katalogs
Messier-Kataloges
Metallic-Lackierung
Metallic-Lackierungen
Meter-Kilogramm-Sekunde-System
Meter-Kilogramm-Sekunde-Systeme
Meter-Kilogramm-Sekunde-Systemen
Meter-Kilogramm-Sekunde-Systems
Meter-Kilogramm-Sekunde-Systemes
Meter-Kilogramm-Sekunden-System
Meter-Kilogramm-Sekunden-Systeme
Meter-Kilogramm-Sekunden-Systemen
Meter-Kilogramm-Sekunden-Systems
Meter-Kilogramm-Sekunden-Systemes
Method-Acting
Method-Actinge
Method-Actingen
Method-Actings
Method-Actinges
Midlife-crisis
Mitte-links-Bündnis
Mixed-Media-Veranstaltung
Mixed-Media-Veranstaltungen
Moll-Tonart
Moll-Tonarten
Molotow-Cocktail
Molotow-Cocktails
Mont-Gomerie
Mont-Gomeries
Montague-Grammatik
Montague-Grammatiken
Morio-Muskat
Morio-Muskate
Morio-Muskaten
Morio-Muskats
Morio-Muskates
Moto-Cross
Multi-User-Betrieb
Multi-User-Betriebe
Multi-User-Betrieben
Multi-User-Betriebs
Multi-User-Betriebes
Mund-zu-Mund-Beatmung
Mund-zu-Mund-Beatmungen
Mund-zu-Nase-Beatmung
Mund-zu-Nase-Beatmungen
Muss-Bestimmung
Muss-Bestimmungen
Muss-Vorschrift
Muss-Vorschriften
Mößbauer-Effekt
Mößbauer-Effekte
Mößbauer-Effekten
Mößbauer-Effekts
Mößbauer-Effektes
Müller-Thurgau
Müller-Thurgaus
NC-Steuerung
NC-Steuerungen
NE-Metalle
NMR-Spektroskopie
NMR-Spektroskopien
NS-Diktatur
NS-Diktaturen
NS-Herrschaft
NS-Herrschaften
NS-Regime
NS-Regimes
NS-Verbrechen
NS-Verbrechens
NS-Zeit
NS-Zeiten
NTC-Widerstand
NTC-Widerstands
NTC-Widerstandes
Na-haltig
Na-haltige
Na-haltiger
Na-haltigen
Na-haltigem
Na-haltiges
Nacht-und-Nebel-Aktion
Nacht-und-Nebel-Aktionen
Name-dropping
Name-droppings
Namen-Jesu-Fest
Namen-Jesu-Feste
Namen-Jesu-Festen
Namen-Jesu-Fests
Namen-Jesu-Festes
Nasen-Rachen-Raum
Nasen-Rachen-Raums
Nasen-Rachen-Raumes
Nasi-goreng
Nasi-gorengs
Nass-in-Nass-Druck
Nass-in-Nass-Drucke
Nass-in-Nass-Drucken
Nass-in-Nass-Drucks
Nass-in-Nass-Druckes
Negro-Spiritual
Negro-Spirituals
Neu-Delhi
Neu-Delhis
New-Orleans-Jazz
Nicht-Ich
Nicht-Ichs
Nieder-Florstadt
Nieder-Florstadts
Nieder-Mockstadt
Nieder-Mockstadts
Nieder-Ramstadt
Nieder-Ramstadts
Nieder-Wöllstadt
Nieder-Wöllstadts
No-Name-Produkt
No-Name-Produkte
No-Name-Produkten
No-Name-Produkts
No-Name-Produktes
No-Spiel
No-Spiele
No-Spielen
No-Spiels
No-Spieles
No-name-Produkt
No-name-Produkte
No-name-Produkten
No-name-Produkts
No-name-Produktes
Non-Book-Abteilung
Non-Book-Abteilungen
Non-Fiction
Non-Fictionen
Non-Food-Abteilung
Non-Food-Abteilungen
Non-book-Abteilung
Non-book-Abteilungen
Non-book-Artikel
Non-book-Artikeln
Non-book-Artikels
Non-cooperation
Non-cooperationen
Non-profit-Management
Non-profit-Managements
Non-profit-Organisation
Non-profit-Organisationen
Nonsens-Dichtung
Nonsens-Dichtungen
Nord-Ostsee-Kanal
Nord-Ostsee-Kanals
Nord-Süd-Gefälle
Nord-Süd-Gefällen
Nord-Süd-Gefälles
Nord-Süd-Konflikt
Nord-Süd-Konflikte
Nord-Süd-Konflikten
Nord-Süd-Konflikts
Nord-Süd-Konfliktes
Nordrhein-Westfalen
Nordrhein-Westfalens
Null-Bock-Generation
Null-Bock-Generationen
Null-Null
Null-Nulls
Nullachtfünfzehn-Ausführung
Nullachtfünfzehn-Ausführungen
Nutzen-Kosten-Analyse
Nutzen-Kosten-Analysen
O-Beine
O-Beinen
O-Ton
O-Tons
O-Tones
O-beinig
O-beinige
O-beiniger
O-beinigen
O-beinigem
O-beiniges
O-förmig
O-förmige
O-förmiger
O-förmigen
O-förmigem
O-förmiges
OAU-Staat
OAU-Staaten
OCR-Schrift
OCR-Schriften
OH-Gruppe
OH-Gruppen
OP-Saal
OP-Schwester
OP-Schwestern
Oben-ohne-Badeanzug
Oben-ohne-Badeanzugs
Oben-ohne-Badeanzuges
Oben-ohne-Bedienung
Oben-ohne-Bedienungen
Oben-ohne-Lokal
Oben-ohne-Lokale
Oben-ohne-Lokalen
Oben-ohne-Lokals
Oben-ohne-Lokales
Ober-Florstadt
Ober-Florstadts
Ober-Mockstadt
Ober-Mockstadts
Ober-Ramstadt
Ober-Ramstadts
Ober-Wöllstadt
Ober-Wöllstadts
Off-Beat
Off-Beats
Off-Design
Off-Designs
Off-Sprecher
Off-Sprecherin
Off-Sprecherinnen
Off-Sprechern
Off-Sprechers
Off-Stimme
Off-Stimmen
Off-shore-Bohrung
Off-shore-Bohrungen
Off-shore-Technik
Off-shore-Techniken
Off-shore-Zentrum
Off-shore-Zentrums
Ohne-mich-Standpunkt
Ohne-mich-Standpunkte
Ohne-mich-Standpunkten
Ohne-mich-Standpunkts
Ohne-mich-Standpunktes
On-Sprecher
On-Sprechern
On-Sprechers
On-Stimme
On-Stimmen
One-Man-Show
One-Man-Shows
One-man-Show
One-man-Shows
Op-Art
Op-Arten
Op-art
Open-air-Festival
Open-air-Festivals
Open-end-Diskussion
Open-end-Diskussionen
Operations-Research
Operations-Researchs
Orang-Utan
Orang-Utans
Ost-West-Konflikt
Ost-West-Konflikte
Ost-West-Konflikten
Ost-West-Konflikts
Ost-West-Konfliktes
Over-the-counter-market
Over-the-counter-markets
Oxonium-Ion
Oxonium-Ione
Oxonium-Ionen
Oxonium-Ions
Oxonium-Iones
P-Gespräch
P-Gespräche
P-Gesprächen
P-Gesprächs
P-Gespräches
PAL-System
PAL-Systeme
PAL-Systemen
PAL-Systems
PAL-Systemes
PCM-Technik
PCM-Techniken
PEN-Club
PEN-Clubs
PR-Abteilung
PR-Abteilungen
PR-Arbeit
PR-Arbeiten
PR-mann
PR-manne
PR-mannin
PR-manninnen
PR-manns
PR-mannes
PS-Grammatik
PS-Grammatiken
PSV-Truppe
PSV-Truppen
PTT-Bus
Paint-in
Paint-ins
Pantschen-Lama
Pantschen-Lamas
Papua-Neuguinea
Papua-Neuguineas
Papua-Neuguineaner
Papua-Neuguineanerin
Papua-Neuguineanerinnen
Park-and-ride-System
Park-and-ride-Systeme
Park-and-ride-Systemen
Park-and-ride-Systems
Park-and-ride-Systemes
Pay-Sender
Pay-Senderin
Pay-Senderinnen
Pay-Sendern
Pay-Senders
Pay-TV
Pe-Ce-Faser
Pe-Ce-Fasern
Pearl-Index
Pearl-Indexe
Pearl-Indexen
Pearl-Indexes
Pen-Club
Pen-Clubs
Pep-Pill
Pep-Pills
Pfeffer-und-Salz-Muster
Pfeffer-und-Salz-Mustere
Pfeffer-und-Salz-Musteren
Pfeffer-und-Salz-Musters
Pfeffer-und-Salz-Musteres
Pia-Marie
Pia-Maries
Pick-up-Shop
Pick-up-Shops
Pick-up
Pick-ups
Pidgin-Englisch
Pigeon-English
Pik-As
Pin-up-Girl
Pin-up-Girls
Pitot-Rohr
Pitot-Rohre
Pitot-Rohren
Pitot-Rohrs
Pitot-Rohres
Play-back-Verfahren
Play-back-Verfahrens
Play-back
Play-backs
Play-off-Runde
Play-off-Runden
Play-off
Play-offs
Pop-Art
Pop-Arte
Pop-Arten
Pop-Arts
Pop-Artes
Pop-art
Pop-up-Buch
Pop-up-Buchs
Pop-up-Buches
Port-au-Prince
Port-au-Princes
Portugiesisch-Guinea
Portugiesisch-Guineas
Preis-Leistungs-Verhältnis
Preis-Lohn-Spirale
Preis-Lohn-Spiralen
Prima-facie-Beweis
Prima-facie-Beweise
Prima-facie-Beweisen
Prima-facie-Beweises
Prime-time-TV
Prime-time-TVs
Prinz-Heinrich-Mütze
Prinz-Heinrich-Mützen
Pro-Form
Pro-Formen
Pro-Kopf-Verbrauch
Pro-Kopf-Verbrauche
Pro-Kopf-Verbrauchen
Pro-Kopf-Verbrauchs
Pro-Kopf-Verbrauches
Pro-forma-Rechnung
Pro-forma-Rechnungen
Proctor-Dichte
Proctor-Dichten
Prêt-à-porter
Prêt-à-porters
Public-Domain-Software
Public-Domain-Softwares
Public-Relations-Abteilung
Public-Relations-Abteilungen
Puerto-Ricaner
Puerto-Ricanerin
Puerto-Ricanerinnen
Puerto-Ricanern
Puerto-Ricaners
Pulse-Code-Modulations-Technik
Pulse-Code-Modulations-Techniken
Push-and-pull-Theorie
Push-and-pull-Theorien
Q-Fieber
Q-Fiebern
Q-Fiebers
R-Gespräch
R-Gespräche
R-Gesprächen
R-Gesprächs
R-Gespräches
REFA-Fachmann
REFA-Fachmanne
REFA-Fachmannin
REFA-Fachmanninnen
REFA-Fachmanns
REFA-Fachmannes
REFA-Lehre
REFA-Lehren
REFA-Technik
REFA-Techniken
REFA-Techniker
REFA-Technikerin
REFA-Technikerinnen
REFA-Technikern
REFA-Technikers
REM-Phase
REM-Phasen
Rallye-Cross
Rallye-Crosse
Rallye-Crossen
Rallye-Crosses
Rallye-Crosses
Raman-Effekt
Raman-Effekte
Raman-Effekten
Raman-Effekts
Raman-Effektes
Raman-Spektrum
Raman-Spektrums
Raum-Zeit-Welt
Raum-Zeit-Welten
Ready-made
Ready-mades
Real-Time-Processing
Real-Time-Processings
Reality-Show
Reality-Shows
Reality-TV
Reality-TVs
Rechts-Rechts-Ware
Rechts-Rechts-Waren
Rechts-links-Naht
Reg.-Bez.
Reg.-Rat
Release-Zentrum
Release-Zentrums
Retrieval-System
Retrieval-Systeme
Retrieval-Systemen
Retrieval-Systems
Retrieval-Systemes
Rh-Faktor
Rh-Faktore
Rh-Faktoren
Rh-Faktors
Rh-negativ
Rh-negative
Rh-negativer
Rh-negativen
Rh-negativem
Rh-negatives
Rh-positiv
Rh-positive
Rh-positiver
Rh-positiven
Rh-positivem
Rh-positives
Rheinland-Pfalz
Rheinland-Pfalze
Rheinland-Pfalzen
Rheinland-Pfalzes
Richter-Skala
Ringel-s
Risi-Pisi
Risi-Pisis
Ritter-und-Räuber-Roman
Ritter-und-Räuber-Romane
Ritter-und-Räuber-Romanen
Ritter-und-Räuber-Romans
Ritter-und-Räuber-Romanes
Ro-Ro-Schiff
Ro-Ro-Schiffe
Ro-Ro-Schiffen
Ro-Ro-Schiffs
Ro-Ro-Schiffes
RoRo-Schiff
RoRo-Schiffe
RoRo-Schiffen
RoRo-Schiffs
RoRo-Schiffes
RoRo-Transport
RoRo-Transporte
RoRo-Transporten
RoRo-Transports
RoRo-Transportes
Roll-on-roll-off-Schiff
Roll-on-roll-off-Schiffe
Roll-on-roll-off-Schiffn
Roll-on-roll-off-Schiffen
Roll-on-roll-off-Schiffs
Roll-on
Roll-ons
Rooming-in
Rooming-ins
Rorschach-Test
Rorschach-Tests
Rote-Armee-Fraktion
Rote-Armee-Fraktionen
Rote-Bete-Salat
Rote-Bete-Salate
Rote-Bete-Salaten
Rote-Bete-Salats
Rote-Bete-Salates
Rote-Kreuz-Schwester
Rote-Kreuz-Schwestern
Rouge-et-noir
Round-Table-Konferenz
Round-Table-Konferenzen
Round-up
Round-ups
Rund-s
Rush-Hour
Rush-Hours
S-Bahn-Station
S-Bahn-Stationen
S-Bahn-Wagen
S-Bahn-Wagens
S-Bahn
S-Bahnen
S-Bahnhof
S-Bahnhofs
S-Bahnhofes
S-Kurve
S-Kurven
S-Laut
S-Laute
S-Lauten
S-Lauts
S-Lautes
S-Rohr
S-Rohre
S-Rohren
S-Rohrs
S-Rohres
S-förmig
S-förmige
S-förmiger
S-förmigen
S-förmigem
S-förmiges
SA-Mann
SA-Manne
SA-Mannin
SA-Manninnen
SA-Manns
SA-Mannes
SECAM-System
SECAM-Systems
SI-Einheit
SI-Einheiten
SI-System
SI-Systeme
SI-Systemen
SI-Systems
SI-Systemes
SM-Ofen
SM-Ofens
SM-Verfahren
SM-Verfahrens
SOS-Ruf
SOS-Rufe
SOS-Rufen
SOS-Rufs
SOS-Rufes
SS-Führer
SS-Führerin
SS-Führerinnen
SS-Führern
SS-Führers
SS-Mann
SS-Manns
SS-Mannes
Sa-Springen
Sa-Springens
Sachsen-Anhalt
Sachsen-Anhalte
Sachsen-Anhalten
Sachsen-Anhalts
Sachsen-Anhaltes
Sachsen-Anhalter
Sachsen-Anhalterin
Sachsen-Anhalterinnen
Sachsen-Anhaltern
Sachsen-Anhalters
Sachsen-Anhaltiner
Sachsen-Anhaltinerin
Sachsen-Anhaltinerinnen
Sachsen-Anhaltinern
Sachsen-Anhaltiners
Saint-Simonismus
Saint-Simonist
Saint-Simonistin
Saint-Simonistinnen
Saint-Simonisten
Salk-Impfung
Salk-Impfungen
Salt-Konferenz
Salt-Konferenzen
San-José-Schildlaus
San-Marinese
San-Marinesen
San.-Rat
Sankt-Elms-Feuer
Sankt-Elms-Feuern
Sankt-Elms-Feuers
Sankt-Florians-Prinzip
Sankt-Florians-Prinzips
Sankt-Gallener
Sankt-Gallenerin
Sankt-Gallenerinnen
Sankt-Gallenern
Sankt-Galleners
Sankt-Galler
Sankt-Gallerin
Sankt-Gallerinnen
Sankt-Gallern
Sankt-Gallers
Sankt-Lorenz-Strom
Sankt-Lorenz-Stromes
Sankt-Michaelis-Tag
Sankt-Michaelis-Tage
Sankt-Michaelis-Tagen
Sankt-Michaelis-Tags
Sankt-Michaelis-Tages
Sankt-Nimmerleins-Tag
Sankt-Nimmerleins-Tage
Sankt-Nimmerleins-Tagen
Sankt-Nimmerleins-Tags
Sankt-Nimmerleins-Tages
Saudi-Arabien
Saudi-Arabiene
Saudi-Arabienen
Saudi-Arabiens
Saudi-Arabienes
Saure-Gurken-Zeit
Saure-Gurken-Zeiten
Savoir-vivre
Scattering-Verfahren
Scattering-Verfahrens
Schah-in-schah
Schah-in-schahs
Schlaf-wach-Rhythmus
Schleswig-Holstein
Schleswig-Holsteiner
Schleswig-Holsteinerin
Schleswig-Holsteinerinnen
Schleswig-Holsteinern
Schleswig-Holsteiners
Schleswig-Holsteins
Schluss-Sprung
Schluss-Sprungs
Schluss-Sprunges
Schluss-Stein
Schluss-Steine
Schluss-Steinen
Schluss-Steins
Schluss-Steines
Schluss-Strich
Schluss-Striche
Schluss-Strichen
Schluss-Strichs
Schluss-Striches
Schluss-s
Schnee-Eule
Schnee-Eulen
Schutz-und-Trutz-Bündnis
Schwarz-Rot-Gold
Schwarz-Rot-Golde
Schwarz-Rot-Golden
Schwarz-Rot-Golds
Schwarz-Rot-Goldes
Science-Fiction-Autor
Science-Fiction-Autore
Science-Fiction-Autorin
Science-Fiction-Autorinnen
Science-Fiction-Autoren
Science-Fiction-Autors
Science-Fiction-Serie
Science-Fiction-Serien
Science-Fiction
Science-Fictionen
Science-fiction
Science-fictions
See-Elefant
See-Elefanten
See-Erz
See-Erze
See-Erzen
See-Erzes
Selling-Center
Selling-Centern
Selling-Centers
Serve-and-Volley
Serve-and-Volleys
Set-up
Set-ups
Sex-Appeal
Sex-Appeals
Shooting-Star
Shooting-Stars
Shopping-Center
Shopping-Centern
Shopping-Centers
Show-down
Show-downs
Siemens-Martin-Ofen
Siemens-Martin-Ofens
Siemens-Martin-Verfahren
Siemens-Martin-Verfahrens
Sierra-Leoner
Sierra-Leonerin
Sierra-Leonerinnen
Sierra-Leonern
Sierra-Leoners
Sightseeing-Tour
Sightseeing-Tours
Sing-Sing
Sing-Sings
Sing-out
Sing-outs
Sit-in
Sit-ins
Sixty-Nine
Sixty-Nines
Sixty-nine
Sixty-nines
Skinner-Box
Skinner-Boxen
Sliding-tackling
Sliding-tacklings
Slow-Scanning-Verfahren
Slow-Scanning-Verfahrens
Small-talk
Small-talks
Smoke-in
Smoke-ins
Snail-Mail
Snail-Mails
Soap-opera
Soap-operas
Soft-Eis
Soft-Eises
Software-Engineering
Software-Engineerings
Soixante-Neuf
Soixante-Neufs
Soixante-neuf
Soixante-neufs
Soll-Bestand
Soll-Bestands
Soll-Bestandes
Soll-Ist-Vergleich
Soll-Ist-Vergleiche
Soll-Ist-Vergleichen
Soll-Ist-Vergleichs
Soll-Ist-Vergleiches
Space-Shuttle
Space-Shuttles
Special-effect
Special-effects
Special-effectes
Speedway-Rennen
Speedway-Rennens
Spree-Athen
Spree-Athens
St.-Elms-Feuer
St.-Elms-Feuers
Stand-by-Betrieb
Stand-by-Betriebe
Stand-by-Betrieben
Stand-by-Betriebs
Stand-by-Betriebes
Stand-by
Stand-bys
Start-Ziel-Sieg
Start-Ziel-Siege
Start-Ziel-Siegen
Start-Ziel-Siegs
Start-Ziel-Sieges
Start-und-Lande-Bahn
Start-und-Lande-Bahnen
Stock-Car
Stock-Cars
Stock-Exchange
Stop-and-go-Verkehr
Stop-and-go-Verkehrs
Stop-over
Stop-overs
Straße-Schiene-Verkehr
Straße-Schiene-Verkehre
Straße-Schiene-Verkehren
Straße-Schiene-Verkehrs
Straße-Schiene-Verkehres
Straßenverkehrs-Zulassungs-Ordnung
Straßenverkehrs-Zulassungs-Ordnungen
Sturm-und-Drang-Zeit
Sturm-und-Drang-Zeiten
Super-8-Film
Super-8-Filme
Super-8-Filmen
Super-8-Films
Super-8-Filmes
Super-G
Super-Gs
Super-GAU
Super-GAUe
Super-GAUen
Super-GAUs
Super-GAUes
Surprise-Party
Surprise-Partys
Swing-by
Swing-bys
T-Bone-Steak
T-Bone-Steaks
T-Eisen
T-Eisens
T-Helferzelle
T-Helferzellen
T-Shirt
T-Shirts
T-Träger
T-Trägern
T-Trägers
T-förmig
T-förmige
T-förmiger
T-förmigen
T-förmigem
T-förmiges
TV-Serie
TV-Serien
TV-Star
TV-Stars
Tai-Chi
Tai-Chis
Take-off
Take-offs
Tante-Emma-Laden
Tante-Emma-Ladens
Tara-Ann
Tara-Anns
Tb-Kranke
Tb-Kranken
Tb-krank
Tb-kranks
Tb-krankes
Tbc-Kranke
Tbc-Kranken
Tbc-krank
Tbc-kranke
Tbc-kranker
Tbc-kranken
Tbc-krankem
Tbc-krankes
Tea-Room
Tea-Rooms
Teach-in
Teach-ins
Teddy-Boy
Teddy-Boys
Tee-Ei
Tee-Eie
Tee-Eien
Tee-Eier
Tee-Eiern
Teenie-Bopper
Teenie-Boppern
Teenie-Boppers
Tgb.-Nr.
Thema-Rhema-Gliederung
Thema-Rhema-Gliederungen
Tie-Break
Tie-Breaks
Tiers-état
Time-out
Time-outs
Time-sharing
Time-sharings
Tonika-Do-Methode
Tonika-Do-Methoden
Tonika-Do
Tonika-Dos
Top-Class
Trade-Union
Trade-Unions
Trans-Europ-Express
Trans-Europ-Expresses
Trente-et-quarante
Trentino-Südtirol
Trentino-Südtirols
Trial-and-Error-Methode
Trial-and-Error-Methoden
Trimm-dich-Pfad
Trimm-dich-Pfade
Trimm-dich-Pfaden
Trimm-dich-Pfads
Trimm-dich-Pfades
Trompe-l'il-Malerei
Trompe-l'il-Malereien
Trompe-l'il
Trompe-l'ils
Tscherenkow-Effekt
Tscherenkow-Effekte
Tscherenkow-Effekten
Tscherenkow-Effekts
Tscherenkow-Effektes
Turbo-Prop-Flugzeug
Turbo-Prop-Flugzeuge
Turbo-Prop-Flugzeugen
Turbo-Prop-Flugzeugs
Turbo-Prop-Flugzeuges
Turbo-Prop-Triebwerk
Turbo-Prop-Triebwerke
Turbo-Prop-Triebwerken
Turbo-Prop-Triebwerks
Turbo-Prop-Triebwerkes
Turing-Maschine
Turing-Maschinen
Twist-off-Deckel
Twist-off-Deckeln
Twist-off-Deckels
Tête-à-tête
Tête-à-têtes
U-Bahn-Netz
U-Bahn-Netze
U-Bahn-Netzen
U-Bahn-Netzes
U-Bahn-Schacht
U-Bahn-Schachten
U-Bahn-Station
U-Bahn-Stationen
U-Bahn-Tunnel
U-Bahn-Tunnels
U-Bahn
U-Bahnen
U-Bahnhof
U-Bahnhofs
U-Bahnhofes
U-Bahnnetz
U-Bahnnetze
U-Bahnnetzen
U-Bahnnetzes
U-Bogen
U-Bogens
U-Boot-Besatzung
U-Boot-Besatzungen
U-Boot-Hafen
U-Boot-Hafens
U-Boot-Hafenes
U-Boot-Krieg
U-Boot-Kriege
U-Boot-Kriegen
U-Boot-Kriegs
U-Boot-Krieges
U-Boot
U-Boote
U-Booten
U-Boots
U-Bootes
U-Eisen
U-Eisens
U-Haft
U-Haken
U-Hakens
U-Häkchen
U-Häkchens
U-Musik
U-Musiken
U-Rohr
U-Rohre
U-Rohren
U-Rohrs
U-Rohres
U-Strab
U-Strabe
U-Straben
U-Strabs
U-Strabes
U-förmig
U-förmige
U-förmiger
U-förmigen
U-förmigem
U-förmiges
UKW-Empfänger
UKW-Empfängern
UKW-Empfängers
UKW-Sender
UKW-Sendern
UKW-Senders
UNO-Mandat
UNO-Mandate
UNO-Mandaten
UNO-Mandats
UNO-Mandates
UNO-Soldat
UNO-Soldaten
US-Amerikaner
US-Amerikanerin
US-Amerikanerinnen
US-Amerikanern
US-Amerikaners
US-Dollar
US-Dollars
US-amerikanisch
US-amerikanische
US-amerikanischer
US-amerikanischen
US-amerikanischem
US-amerikanisches
UV-Absorber
UV-Absorbern
UV-Absorbers
UV-Filter
UV-Filters
UV-Lampe
UV-Lampen
UV-Strahl
UV-Strahlen
UV-Strahlen-geschädigt
UV-Strahlen-geschädigte
UV-Strahlen-geschädigter
UV-Strahlen-geschädigten
UV-Strahlen-geschädigtem
UV-Strahlen-geschädigtes
UV-Strahler
UV-Strahlerin
UV-Strahlerinnen
UV-Strahlern
UV-Strahlers
UV-Strahlung
UV-Strahlungen
UV-bestrahlt
UV-bestrahlte
UV-bestrahlter
UV-bestrahlten
UV-bestrahltem
UV-bestrahltes
# TODO: nur wenn "Und" groß geschrieben ist:
#Und-Zeichen
#Und-Zeichens
V-Ausschnitt
V-Ausschnitte
V-Ausschnitten
V-Ausschnitts
V-Ausschnittes
V-Frau
V-Frauen
V-Gespräch
V-Gespräche
V-Gesprächen
V-Gesprächs
V-Gespräches
V-Leute
V-Leuten
V-Mann
V-Manne
V-Manns
V-Sprung
V-Sprungen
V-Stil
V-Stile
V-Stilen
V-Stils
V-Stiles
V-Waffe
V-Waffen
V-Zeichen
V-Zeichens
V-förmig
V-förmige
V-förmiger
V-förmigen
V-förmigem
V-förmiges
VIP-Lounge
VIP-Loungen
VTOL-Flugzeug
VTOL-Flugzeuge
VTOL-Flugzeugen
VTOL-Flugzeugs
VTOL-Flugzeuges
Van-Allen-Gürtel
Van-Allen-Gürteln
Van-Allen-Gürtels
Van-der-Waals-Kräfte
Van-der-Waals-Kräften
Vier-drei-drei-System
Vier-drei-drei-Systeme
Vier-drei-drei-Systemen
Vier-drei-drei-Systems
Vier-drei-drei-Systemes
Vier-zwei-vier-System
Vier-zwei-vier-Systeme
Vier-zwei-vier-Systemen
Vier-zwei-vier-Systems
Vier-zwei-vier-Systemes
Vingt-et-un
Vitamin-B-Mangel-Krankheit
Vitamin-B-Mangel-Krankheiten
Vitamin-B-Mangel
Vitamin-B-Mangeln
Vogel-Strauß-Politik
Vogel-Strauß-Politiken
Vol-%
Vol-au-Vent
Vol-au-Vents
Vol-au-vent
Vol-au-vents
Vor-Ort-Bild
Vor-Ort-Bilde
Vor-Ort-Bilden
Vor-Ort-Bilder
Vor-Ort-Bildern
W-Boson
W-Bosonen
W-Bosons
W-Bosones
WAP-Handy
WAP-Handys
WC-Becken
WC-Beckens
WC-Bürste
WC-Bürsten
Waffen-SS
Wagenfeld-Neustadt
Wagenfeld-Neustadts
Wald-und-Wiesen
Wald-und-Wiesens
Walkie-Talkie
Walkie-Talkies
Wanne-Eickel
Wanne-Eickels
Warming-up
Warming-ups
Wehnelt-Zylinder
Wehnelt-Zylindern
Wehnelt-Zylinders
Weiße-Kragen-Kriminalität
Weiße-Kragen-Kriminalitäten
Weston-Element
Weston-Elemente
Weston-Elementen
Weston-Elements
Weston-Elementes
White-Collar-Kriminalität
White-Collar-Kriminalitäten
White-collar-Kriminalität
Work-out
Work-outs
X-Beine
X-Chromosom
X-Chromosome
X-Chromosomen
X-Chromosoms
X-Chromosomes
X-Einheit
X-Einheiten
X-Haken
X-Hakens
X-Strahl
X-Strahlen
X-beinig
X-beinige
X-beiniger
X-beinigen
X-beinigem
X-beiniges
X-förmig
X-förmige
X-förmiger
X-förmigen
X-förmigem
X-förmiges
Y-Chromosom
Y-Chromosome
Y-Chromosomen
Y-Chromosoms
Y-Chromosomes
Y-förmig
Y-förmige
Y-förmiger
Y-förmigen
Y-förmigem
Y-förmiges
Y-förmiger
Y-förmigere
Y-förmigerer
Y-förmigeren
Y-förmigerem
Y-förmigeres
Y-förmigst
Y-förmigste
Y-förmigster
Y-förmigsten
Y-förmigstem
Y-förmigstes
Yankee-doodle
Yankee-doodles
Ylang-Ylang-Baum
Ylang-Ylang-Öl
Ylang-Ylang-Öle
Ylang-Ylang-Ölen
Ylang-Ylang-Öls
Ylang-Ylang-Öles
Ylang-Ylang
Ylang-Ylangs
Yo-Yo
Yo-Yos
Z-Boson
Z-Bosonen
Z-Bosons
Z-Bosones
Z-Soldat
Z-Soldate
Z-Soldaten
Z-Soldats
Z-Soldates
ZK-Mitglied
ZK-Mitglieder
ZK-Mitgliedern
ZK-Mitglieds
ZK-Mitgliedes
Zeeman-Effekt
Zeeman-Effekte
Zeeman-Effekten
Zeeman-Effekts
Zeeman-Effektes
Zehnfinger-Blindschreibemethode
Zehnfinger-Blindschreibemethoden
Zeit-Zonen-Tarif
Zeit-Zonen-Tarife
Zeit-Zonen-Tarifen
Zeit-Zonen-Tarifs
Zeit-Zonen-Tarifes
Zener-Diode
Zener-Dioden
Zentimeter-Gramm-Sekunden-System
Zentimeter-Gramm-Sekunden-Systeme
Zentimeter-Gramm-Sekunden-Systemen
Zentimeter-Gramm-Sekunden-Systems
Zentimeter-Gramm-Sekunden-Systemes
Zoo-Organisation
Zoo-Organisationen
Zug-um-Zug-Leistung
Zug-um-Zug-Leistungen
Zungen-R
Zungen-Rs
Zweipunkt-Sicherheitsgurt
Zweipunkt-Sicherheitsgurte
Zweipunkt-Sicherheitsgurten
Zweipunkt-Sicherheitsgurts
Zweipunkt-Sicherheitsgurtes
Zweite-Klasse-Wagen
Zweite-Klasse-Wagens
Zweiter-Klasse-Wagen
Zweiter-Klasse-Wagens
Zäpfchen-R
Zäpfchen-Rs
a-Laut
a-Laute
a-Lauten
a-Lauts
a-Lautes
a-Moll
as-Moll-Tonleiter
as-Moll-Tonleiters
as-Moll
as-Molls
as-Molles
b-Moll
bosnisch-herzegowinisch
bosnisch-herzegowinische
bosnisch-herzegowinischer
bosnisch-herzegowinischen
bosnisch-herzegowinischem
bosnisch-herzegowinisches
bosnisch-herzegowinischer
bosnisch-herzegowinischere
bosnisch-herzegowinischerer
bosnisch-herzegowinischeren
bosnisch-herzegowinischerem
bosnisch-herzegowinischeres
bosnisch-herzegowinischst
bosnisch-herzegowinischste
bosnisch-herzegowinischster
bosnisch-herzegowinischsten
bosnisch-herzegowinischstem
bosnisch-herzegowinischstes
c-Moll
c-Molls
ch-Laut
ch-Laute
ch-Lauten
ch-Lauts
ch-Lautes
cis-Moll-Tonleiter
cis-Moll-Tonleiters
cis-Moll
cis-Molls
cis-Molles
costa-ricanisch
costa-ricanische
costa-ricanischer
costa-ricanischen
costa-ricanischem
costa-ricanisches
costa-ricanischer
costa-ricanischere
costa-ricanischerer
costa-ricanischeren
costa-ricanischerem
costa-ricanischeres
costa-ricanischst
costa-ricanischste
costa-ricanischster
costa-ricanischsten
costa-ricanischstem
costa-ricanischstes
cw-Wert
cw-Werte
cw-Werten
cw-Werts
cw-Wertes
d-Moll
d-Molls
d-Molles
demi-sec
dis-Moll-Tonleiter
dis-Moll-Tonleiters
e-Moll
e-Molls
ec-Karte
ec-Karten
elsass-lothringisch
elsass-lothringische
elsass-lothringischer
elsass-lothringischen
elsass-lothringischem
elsass-lothringisches
elsass-lothringischer
elsass-lothringischere
elsass-lothringischerer
elsass-lothringischeren
elsass-lothringischerem
elsass-lothringischeres
elsass-lothringischst
elsass-lothringischste
elsass-lothringischster
elsass-lothringischsten
elsass-lothringischstem
elsass-lothringischstes
es-Moll-Tonleiter
es-Moll-Tonleiters
f-Moll
f-Molls
fis-Moll
fis-Moll-Tonleiter
fis-Moll-Tonleiters
g-Moll
g-Molls
gis-Moll-Tonleiter
gis-Moll-Tonleiters
h-Moll-Tonleiter
h-Moll-Tonleiters
h-Moll
h-Molls
h-Molles
i-Dotz
i-Dotzes
i-Punkt
i-Punktes
i-Tüpfelchen
i-Tüpfelchens
i-Tüpferl-Reiter
i-Tüpferl-Reiters
i-Tüpferl
i-Tüpferls
kosovo-albanisch
kosovo-albanische
kosovo-albanischer
kosovo-albanischen
kosovo-albanischem
kosovo-albanisches
kosovo-albanischer
kosovo-albanischere
kosovo-albanischerer
kosovo-albanischeren
kosovo-albanischerem
kosovo-albanischeres
kosovo-albanischst
kosovo-albanischste
kosovo-albanischster
kosovo-albanischsten
kosovo-albanischstem
kosovo-albanischstes
mecklenburg-vorpommerisch
mecklenburg-vorpommerische
mecklenburg-vorpommerischer
mecklenburg-vorpommerischen
mecklenburg-vorpommerischem
mecklenburg-vorpommerisches
mecklenburg-vorpommerischer
mecklenburg-vorpommerischere
mecklenburg-vorpommerischerer
mecklenburg-vorpommerischeren
mecklenburg-vorpommerischerem
mecklenburg-vorpommerischeres
mecklenburg-vorpommerischst
mecklenburg-vorpommerischste
mecklenburg-vorpommerischster
mecklenburg-vorpommerischsten
mecklenburg-vorpommerischstem
mecklenburg-vorpommerischstes
n-dimensional
n-dimensionale
n-dimensionaler
n-dimensionalen
n-dimensionalem
n-dimensionales
n-dimensionaler
n-dimensionalere
n-dimensionalerer
n-dimensionaleren
n-dimensionalerem
n-dimensionaleres
n-dimensionalst
n-dimensionalste
n-dimensionalster
n-dimensionalsten
n-dimensionalstem
n-dimensionalstes
n-fach
n-fache
n-facher
n-fachen
n-fachem
n-faches
n-facher
n-fachere
n-facherer
n-facheren
n-facherem
n-facheres
n-fachst
n-fachste
n-fachster
n-fachsten
n-fachstem
n-fachstes
n-tv
non-iron
non-irone
non-ironer
non-ironen
non-ironem
non-irones
non-ironer
non-ironere
non-ironerer
non-ironeren
non-ironerem
non-ironeres
non-ironst
non-ironste
non-ironster
non-ironsten
non-ironstem
non-ironstes
nordrhein-westfälisch
nordrhein-westfälische
nordrhein-westfälischer
nordrhein-westfälischen
nordrhein-westfälischem
nordrhein-westfälisches
nordrhein-westfälischer
nordrhein-westfälischere
nordrhein-westfälischerer
nordrhein-westfälischeren
nordrhein-westfälischerem
nordrhein-westfälischeres
nordrhein-westfälischst
nordrhein-westfälischste
nordrhein-westfälischster
nordrhein-westfälischsten
nordrhein-westfälischstem
nordrhein-westfälischstes
o-beinig
o-beinige
o-beiniger
o-beinigen
o-beinigem
o-beiniges
o-beiniger
o-beinigere
o-beinigerer
o-beinigeren
o-beinigerem
o-beinigeres
o-beinigst
o-beinigste
o-beinigster
o-beinigsten
o-beinigstem
o-beinigstes
o-förmig
o-förmige
o-förmiger
o-förmigen
o-förmigem
o-förmiges
o-förmiger
o-förmigere
o-förmigerer
o-förmigeren
o-förmigerem
o-förmigeres
o-förmigst
o-förmigste
o-förmigster
o-förmigsten
o-förmigstem
o-förmigstes
pH-Wert
pH-Werte
pH-Werten
pH-Werts
pH-Wertes
papua-neuguineisch
papua-neuguineische
papua-neuguineischer
papua-neuguineischen
papua-neuguineischem
papua-neuguineisches
papua-neuguineischer
papua-neuguineischere
papua-neuguineischerer
papua-neuguineischeren
papua-neuguineischerem
papua-neuguineischeres
papua-neuguineischst
papua-neuguineischste
papua-neuguineischster
papua-neuguineischsten
papua-neuguineischstem
papua-neuguineischstes
puerto-ricanisch
puerto-ricanische
puerto-ricanischer
puerto-ricanischen
puerto-ricanischem
puerto-ricanisches
puerto-ricanischer
puerto-ricanischere
puerto-ricanischerer
puerto-ricanischeren
puerto-ricanischerem
puerto-ricanischeres
puerto-ricanischst
puerto-ricanischste
puerto-ricanischster
puerto-ricanischsten
puerto-ricanischstem
puerto-ricanischstes
rheinland-pfälzisch
rheinland-pfälzische
rheinland-pfälzischer
rheinland-pfälzischen
rheinland-pfälzischem
rheinland-pfälzisches
rheinland-pfälzischer
rheinland-pfälzischere
rheinland-pfälzischerer
rheinland-pfälzischeren
rheinland-pfälzischerem
rheinland-pfälzischeres
rheinland-pfälzischst
rheinland-pfälzischste
rheinland-pfälzischster
rheinland-pfälzischsten
rheinland-pfälzischstem
rheinland-pfälzischstes
s-Laut
s-Laute
s-Lauten
s-Lauts
s-Lautes
s-förmig
s-förmige
s-förmiger
s-förmigen
s-förmigem
s-förmiges
s-förmiger
s-förmigere
s-förmigerer
s-förmigeren
s-förmigerem
s-förmigeres
s-förmigst
s-förmigste
s-förmigster
s-förmigsten
s-förmigstem
s-förmigstes
sachsen-anhaltinisch
sachsen-anhaltinische
sachsen-anhaltinischer
sachsen-anhaltinischen
sachsen-anhaltinischem
sachsen-anhaltinisches
sachsen-anhaltinischer
sachsen-anhaltinischere
sachsen-anhaltinischerer
sachsen-anhaltinischeren
sachsen-anhaltinischerem
sachsen-anhaltinischeres
sachsen-anhaltinischst
sachsen-anhaltinischste
sachsen-anhaltinischster
sachsen-anhaltinischsten
sachsen-anhaltinischstem
sachsen-anhaltinischstes
san-marinesisch
san-marinesische
san-marinesischer
san-marinesischen
san-marinesischem
san-marinesisches
san-marinesischer
san-marinesischere
san-marinesischerer
san-marinesischeren
san-marinesischerem
san-marinesischeres
san-marinesischst
san-marinesischste
san-marinesischster
san-marinesischsten
san-marinesischstem
san-marinesischstes
saudi-arabisch
saudi-arabische
saudi-arabischer
saudi-arabischen
saudi-arabischem
saudi-arabisches
saudi-arabischer
saudi-arabischere
saudi-arabischerer
saudi-arabischeren
saudi-arabischerem
saudi-arabischeres
saudi-arabischst
saudi-arabischste
saudi-arabischster
saudi-arabischsten
saudi-arabischstem
saudi-arabischstes
schleswig-holsteinisch
schleswig-holsteinische
schleswig-holsteinischer
schleswig-holsteinischen
schleswig-holsteinischem
schleswig-holsteinisches
schleswig-holsteinischer
schleswig-holsteinischere
schleswig-holsteinischerer
schleswig-holsteinischeren
schleswig-holsteinischerem
schleswig-holsteinischeres
schleswig-holsteinischst
schleswig-holsteinischste
schleswig-holsteinischster
schleswig-holsteinischsten
schleswig-holsteinischstem
schleswig-holsteinischstes
sierra-leonisch
sierra-leonische
sierra-leonischer
sierra-leonischen
sierra-leonischem
sierra-leonisches
sierra-leonischer
sierra-leonischere
sierra-leonischerer
sierra-leonischeren
sierra-leonischerem
sierra-leonischeres
sierra-leonischst
sierra-leonischste
sierra-leonischster
sierra-leonischsten
sierra-leonischstem
sierra-leonischstes
sri-lankisch
sri-lankische
sri-lankischer
sri-lankischen
sri-lankischem
sri-lankisches
sri-lankischer
sri-lankischere
sri-lankischerer
sri-lankischeren
sri-lankischerem
sri-lankischeres
sri-lankischst
sri-lankischste
sri-lankischster
sri-lankischsten
sri-lankischstem
sri-lankischstes
v-förmig
v-förmige
v-förmiger
v-förmigen
v-förmigem
v-förmiges
v-förmiger
v-förmigere
v-förmigerer
v-förmigeren
v-förmigerem
v-förmigeres
v-förmigst
v-förmigste
v-förmigster
v-förmigsten
v-förmigstem
v-förmigstes
x-Achse
x-Achsen
x-beinig
x-beinige
x-beiniger
x-beinigen
x-beinigem
x-beiniges
x-beiniger
x-beinigere
x-beinigerer
x-beinigeren
x-beinigerem
x-beinigeres
x-beinigst
x-beinigste
x-beinigster
x-beinigsten
x-beinigstem
x-beinigstes
x-beliebig
x-beliebige
x-beliebiger
x-beliebigen
x-beliebigem
x-beliebiges
x-beliebiger
x-beliebigere
x-beliebigerer
x-beliebigeren
x-beliebigerem
x-beliebigeres
x-beliebigst
x-beliebigste
x-beliebigster
x-beliebigsten
x-beliebigstem
x-beliebigstes
x-fach
x-fache
x-facher
x-fachen
x-fachem
x-faches
x-facher
x-fachere
x-facherer
x-facheren
x-facherem
x-facheres
x-fachst
x-fachste
x-fachster
x-fachsten
x-fachstem
x-fachstes
x-fache
x-facher
x-fachen
x-fachem
x-faches
x-facher
x-fachere
x-facherer
x-facheren
x-facherem
x-facheres
x-fachest
x-facheste
x-fachester
x-fachesten
x-fachestem
x-fachestes
x-förmig
x-förmige
x-förmiger
x-förmigen
x-förmigem
x-förmiges
x-förmiger
x-förmigere
x-förmigerer
x-förmigeren
x-förmigerem
x-förmigeres
x-förmigst
x-förmigste
x-förmigster
x-förmigsten
x-förmigstem
x-förmigstes
x-mal
y-Achse
y-Achsen
z-Achse
z-Achsen
Österreich-Ungarn
Österreich-Ungarne
Österreich-Ungarnen
Österreich-Ungarns
Österreich-Ungarnes
Ü-Wagen
Ü-Wagens
